{"cameraMode":{"drawMode":0,"name":"Shaded","section":"Shading Mode"},"sceneLighting":true,"audioPlay":false,"sceneViewState":{"showFog":true,"showMaterialUpdate":false,"showSkybox":true,"showFlares":true,"showImageEffects":true,"showParticleSystems":true},"in2DMode":false,"pivot":{"x":-17.8912353515625,"y":-0.9246681928634644,"z":10.47062873840332},"rotation":{"x":0.15080657601356507,"y":-0.038543540984392169,"z":0.005884452722966671,"w":0.9877946376800537},"size":12.045332908630371,"orthographic":false}