{"cameraMode":{"drawMode":0,"name":"Shaded","section":"Shading Mode"},"sceneLighting":true,"audioPlay":false,"sceneViewState":{"showFog":true,"showMaterialUpdate":false,"showSkybox":true,"showFlares":true,"showImageEffects":true,"showParticleSystems":true},"in2DMode":false,"pivot":{"x":4.217658042907715,"y":2.4495909214019777,"z":-7.065878391265869},"rotation":{"x":0.051720306277275088,"y":0.33345550298690798,"z":-0.01832406595349312,"w":0.9411686658859253},"size":3.96260142326355,"orthographic":false}