{"cameraMode":{"drawMode":0,"name":"Shaded","section":"Shading Mode"},"sceneLighting":true,"audioPlay":false,"sceneViewState":{"showFog":true,"showMaterialUpdate":false,"showSkybox":true,"showFlares":true,"showImageEffects":true,"showParticleSystems":true},"in2DMode":false,"pivot":{"x":-2.4367527961730959,"y":3.101116418838501,"z":0.3603515625},"rotation":{"x":0.37463057041168215,"y":-0.002781530609354377,"z":0.0011238906299695373,"w":0.9271693825721741},"size":13.20650577545166,"orthographic":true}