{"cameraMode":{"drawMode":0,"name":"Shaded","section":"Shading Mode"},"sceneLighting":true,"audioPlay":false,"sceneViewState":{"showFog":true,"showMaterialUpdate":false,"showSkybox":true,"showFlares":true,"showImageEffects":true,"showParticleSystems":true},"in2DMode":false,"pivot":{"x":-0.5601341128349304,"y":7.654331207275391,"z":30.72252082824707},"rotation":{"x":0.475757360458374,"y":0.014511794783174992,"z":-0.00785070564597845,"w":0.8794225454330444},"size":29.392807006835939,"orthographic":false}