{"cameraMode":{"drawMode":0,"name":"Shaded","section":"Shading Mode"},"sceneLighting":true,"audioPlay":false,"sceneViewState":{"showFog":true,"showMaterialUpdate":false,"showSkybox":true,"showFlares":true,"showImageEffects":true,"showParticleSystems":true},"in2DMode":false,"pivot":{"x":-1.0333211421966553,"y":-22.928434371948243,"z":22.503786087036134},"rotation":{"x":0.44606056809425356,"y":0.04159145429730415,"z":-0.020756904035806657,"w":0.8937951326370239},"size":28.123498916625978,"orthographic":false}