{"cameraMode":{"drawMode":0,"name":"Shaded","section":"Shading Mode"},"sceneLighting":true,"audioPlay":false,"sceneViewState":{"showFog":true,"showMaterialUpdate":false,"showSkybox":true,"showFlares":true,"showImageEffects":true,"showParticleSystems":true},"in2DMode":false,"pivot":{"x":9.307683944702149,"y":6.151200771331787,"z":-12.913284301757813},"rotation":{"x":0.07641720771789551,"y":-0.014955790713429451,"z":0.0011459706583991647,"w":0.9969677925109863},"size":5.57240629196167,"orthographic":false}