{"cameraMode":{"drawMode":0,"name":"Shaded","section":"Shading Mode"},"sceneLighting":true,"audioPlay":false,"sceneViewState":{"showFog":true,"showMaterialUpdate":false,"showSkybox":true,"showFlares":true,"showImageEffects":true,"showParticleSystems":true},"in2DMode":false,"pivot":{"x":93.68457794189453,"y":-6.285312652587891,"z":8.464348793029786},"rotation":{"x":0.49933695793151858,"y":0.01299514714628458,"z":-0.007490616757422686,"w":0.8662780523300171},"size":17.785123825073243,"orthographic":false}